{"page1":{"character_info":{"char_name":"John","level":"Rogue, 4","background":"Thief","race_class":"Elf","exp":"0","alignment":"Chaotic Good","deity":""},"top_bar":{"proficiency":"2","initiative":"4","passive_perception":"15","ac":"15","speed":"30","spell_dc":"13","insperation":""},"attributes":{"str":"9","str_mod":"-1","dex":"15","dex_mod":"+2","con":"13","con_mod":"+1","int":"11","int_mod":"0","wis":"10","wis_mod":"0","cha":"16","cha_mod":"+3"},"saves_skills":{"spell_casting":"cha","saves":{"str_save":{"val":"-1","prof":false},"dex_save":{"val":"+6","prof":true},"con_save":{"val":"+1","prof":false},"int_save":{"val":"+2","prof":true},"wis_save":{"val":"+3","prof":false},"cha_save":{"val":"+3","prof":false}},"skills":{"acrobatics":{"val":"+6","prof":true,"expr":false},"animal_handling":{"val":"+0","prof":false,"expr":false},"arcana":{"val":"+0","prof":false,"expr":false},"athletics":{"val":"-1","prof":false,"expr":false},"deception":{"val":"+7","prof":true,"expr":true},"history":{"val":"+2","prof":true,"expr":false},"insight":{"val":"+0","prof":false,"expr":false},"intimidation":{"val":"+5","prof":true,"expr":false},"investigation":{"val":"+0","prof":false,"expr":false},"medicine":{"val":"+0","prof":false,"expr":false},"nature":{"val":"+0","prof":false,"expr":false},"perception":{"val":"+2","prof":true,"expr":false},"performance":{"val":"+3","prof":false,"expr":false},"persuasion":{"val":"+5","prof":true,"expr":false},"religion":{"val":"+0","prof":false,"expr":false},"sleight_hand":{"val":"+4","prof":false,"expr":false},"stealth":{"val":"+8","prof":true,"expr":true},"survival":{"val":"+0","prof":false,"expr":false}}},"status":{"conditions":"","boons":"","death_saves":{"success":{"one":false,"two":false,"three":false},"failure":{"one":false,"two":false,"three":false}},"hit_dice":{"type":"1d8","current_hd":"4"},"temp_health":"0","current_health":"27","max_health":"27"},"proficiencies":{"weapon_armor":"light armor, simple weapons, hand crossbow, rapier, shortswords","tools":"disguise kit, poisoner's kit, theives' tools","languages":"Common, Elven, Undercommon"},"attacks_spells":[{"name":"Battle-axe","toHit":"","damage":"","damage_type":""},{"name":"Battle-axe","stat":"undefined","toHit":"","damage":"","damage_type":""},{"name":"Rapier","stat":"dex","toHit":"+6","damage":"1d8+4","damage_type":"Piercing"},{"name":"Dagger","stat":"dex","toHit":"+6","damage":"1d4+4","damage_type":"Piercing"},{"name":"Shortbow","stat":"dex","toHit":"+6","damage":"1d6+4","damage_type":"Piercing"}],"charges":{"charge_1":{"name":"Health Potion","total":["1","2","3","4"]},"charge_2":{"name":"","total":[]},"charge_3":{"name":"","total":[]},"charge_4":{"name":"","total":[]},"charge_5":{"name":"","total":[]},"charge_6":{"name":"","total":[]}},"features":"Sneak attack (+2d6)\n"},"page2":{"equipment":{"val":{"col_1":[{"name":"leather armor","weight":"8"},{"name":"rapier","weight":"2"},{"name":"shortsword","weight":"3"},{"name":"dagger","weight":"1"},{"name":"entertainer's pack","weight":"38"},{"name":"Health Potions","weight":".3"},{"name":"costume clothes","weight":"3"},{"name":"common clothes","weight":"3"},{"name":"lute","weight":"1"},{"name":"","weight":""},{"name":"","weight":""},{"name":"","weight":""},{"name":"","weight":""}],"col_2":[]},"total_weight":"59.30","currency":{"copper":"10","silver":"64","gold":"566","electrum":"","platinum":"","total":"572.50","base":"g"},"encumberance":{"base":"45","encumbered":"90","h_encumbered":"135","push":"270"}},"attacks_spells":[{"name":"Battle-axe","toHit":"","damage":"","damage_type":""},{"name":"Battle-axe","stat":"undefined","toHit":"","damage":"","damage_type":""},{"name":"Rapier","stat":"dex","toHit":"+6","damage":"1d8+4","damage_type":"Piercing"},{"name":"Dagger","stat":"dex","toHit":"+6","damage":"1d4+4","damage_type":"Piercing"},{"name":"Shortbow","stat":"dex","toHit":"+6","damage":"1d6+4","damage_type":"Piercing"}],"mount_pet":{"name":"Boblin","type":"Goblin","health":"20","ac":"14","speed":"40","notes":"Short Bow: +4 1d6+2 Piercing\n\nCan disengage as bonus action"},"mount_pet2":{"name2":"Jorge","type2":"Donkey","health2":"16","ac2":"12","speed2":"40","notes2":"Can not be over-burdened."}},"page4":{"backstory":"","allies_organizations":{},"personality":{"personality_traits":"","ideals":"","bonds":"","flaws":""}},"page3":{"spell_info":{"class":"Ranger","att":"cha","dc":"13","bonus":"+5"},"spells":{"cantrips":{"spells":[{"spell_name":"Dancing Lights"},{"spell_name":""},{"spell_name":""},{"spell_name":""},{"spell_name":""},{"spell_name":""},{"spell_name":""},{"spell_name":""}]},"level_1":{"total":"4","spells":[{"preped":true,"spell_name":"Faerie Fire"},{"preped":false,"spell_name":""},{"preped":false,"spell_name":""},{"preped":false,"spell_name":""},{"preped":false,"spell_name":""},{"preped":false,"spell_name":""},{"preped":false,"spell_name":""},{"preped":false,"spell_name":""},{"preped":false,"spell_name":""},{"preped":false,"spell_name":""},{"preped":false,"spell_name":""},{"preped":false,"spell_name":""},{"preped":false,"spell_name":""}]},"level_2":{"total":"3","spells":[{"preped":false,"spell_name":""},{"preped":false,"spell_name":""},{"preped":false,"spell_name":""},{"preped":false,"spell_name":""},{"preped":false,"spell_name":""},{"preped":false,"spell_name":""},{"preped":false,"spell_name":""},{"preped":false,"spell_name":""},{"preped":false,"spell_name":""},{"preped":false,"spell_name":""},{"preped":false,"spell_name":""},{"preped":false,"spell_name":""},{"preped":false,"spell_name":""}]},"level_3":{"total":"2","spells":[{"preped":false,"spell_name":""},{"preped":false,"spell_name":""},{"preped":false,"spell_name":""},{"preped":false,"spell_name":""},{"preped":false,"spell_name":""},{"preped":false,"spell_name":""},{"preped":false,"spell_name":""},{"preped":false,"spell_name":""},{"preped":false,"spell_name":""},{"preped":false,"spell_name":""},{"preped":false,"spell_name":""},{"preped":false,"spell_name":""},{"preped":false,"spell_name":""}]},"level_4":{"total":"","spells":[{"preped":false,"spell_name":""},{"preped":false,"spell_name":""},{"preped":false,"spell_name":""},{"preped":false,"spell_name":""},{"preped":false,"spell_name":""},{"preped":false,"spell_name":""},{"preped":false,"spell_name":""},{"preped":false,"spell_name":""},{"preped":false,"spell_name":""},{"preped":false,"spell_name":""},{"preped":false,"spell_name":""},{"preped":false,"spell_name":""},{"preped":false,"spell_name":""}]},"level_5":{"total":"","spells":[{"preped":false,"spell_name":""},{"preped":false,"spell_name":""},{"preped":false,"spell_name":""},{"preped":false,"spell_name":""},{"preped":false,"spell_name":""},{"preped":false,"spell_name":""},{"preped":false,"spell_name":""},{"preped":false,"spell_name":""},{"preped":false,"spell_name":""}]},"level_6":{"total":"","spells":[{"preped":false,"spell_name":""},{"preped":false,"spell_name":""},{"preped":false,"spell_name":""},{"preped":false,"spell_name":""},{"preped":false,"spell_name":""},{"preped":false,"spell_name":""},{"preped":false,"spell_name":""},{"preped":false,"spell_name":""},{"preped":false,"spell_name":""}]},"level_7":{"total":"","spells":[{"preped":false,"spell_name":""},{"preped":false,"spell_name":""},{"preped":false,"spell_name":""},{"preped":false,"spell_name":""},{"preped":false,"spell_name":""},{"preped":false,"spell_name":""},{"preped":false,"spell_name":""},{"preped":false,"spell_name":""},{"preped":false,"spell_name":""}]},"level_8":{"total":"","spells":[{"preped":false,"spell_name":""},{"preped":false,"spell_name":""},{"preped":false,"spell_name":""},{"preped":false,"spell_name":""},{"preped":false,"spell_name":""},{"preped":false,"spell_name":""},{"preped":false,"spell_name":""}]},"level_9":{"total":"","spells":[{"preped":false,"spell_name":""},{"preped":false,"spell_name":""},{"preped":false,"spell_name":""},{"preped":false,"spell_name":""},{"preped":false,"spell_name":""},{"preped":false,"spell_name":""},{"preped":false,"spell_name":""},{"preped":false,"spell_name":""},{"preped":false,"spell_name":""}]}}},"page5":{"notes_1":"Last session we just found the cave to the lost amulet.","notes_2":""}}